"prd_id","prd_key","sls_prd_key","cat_id","prd_nm","prd_cost","prd_line","prd_start_dt","prd_end_dt","dwh_create_date"
478,AC-BC-BC-M005,BC-M005,AC_BC,Mountain Bottle Cage,4,Mountain,2013-07-01,,2026-05-04 12:58:23.476
479,AC-BC-BC-R205,BC-R205,AC_BC,Road Bottle Cage,3,Road,2013-07-01,,2026-05-04 12:58:23.476
477,AC-BC-WB-H098,WB-H098,AC_BC,Water Bottle - 30 oz.,2,Other Sales,2013-07-01,,2026-05-04 12:58:23.476
483,AC-BR-RA-H123,RA-H123,AC_BR,Hitch Rack - 4-Bike,45,Other Sales,2013-07-01,,2026-05-04 12:58:23.476
486,AC-BS-ST-1401,ST-1401,AC_BS,All-Purpose Bike Stand,59,Mountain,2013-07-01,,2026-05-04 12:58:23.476
484,AC-CL-CL-9009,CL-9009,AC_CL,Bike Wash - Dissolver,3,Other Sales,2013-07-01,,2026-05-04 12:58:23.476
485,AC-FE-FE-6654,FE-6654,AC_FE,Fender Set - Mountain,8,Mountain,2013-07-01,,2026-05-04 12:58:23.476
215,AC-HE-HL-U509,HL-U509,AC_HE,Sport-100 Helmet- Black,12,Other Sales,2011-07-01,2012-06-30,2026-05-04 12:58:23.476
216,AC-HE-HL-U509,HL-U509,AC_HE,Sport-100 Helmet- Black,14,Other Sales,2012-07-01,2013-06-30,2026-05-04 12:58:23.476
217,AC-HE-HL-U509,HL-U509,AC_HE,Sport-100 Helmet- Black,13,Other Sales,2013-07-01,,2026-05-04 12:58:23.476
220,AC-HE-HL-U509-B,HL-U509-B,AC_HE,Sport-100 Helmet- Blue,12,Other Sales,2011-07-01,2012-06-30,2026-05-04 12:58:23.476
221,AC-HE-HL-U509-B,HL-U509-B,AC_HE,Sport-100 Helmet- Blue,14,Other Sales,2012-07-01,2013-06-30,2026-05-04 12:58:23.476
222,AC-HE-HL-U509-B,HL-U509-B,AC_HE,Sport-100 Helmet- Blue,13,Other Sales,2013-07-01,,2026-05-04 12:58:23.476
212,AC-HE-HL-U509-R,HL-U509-R,AC_HE,Sport-100 Helmet- Red,12,Other Sales,2011-07-01,2012-06-30,2026-05-04 12:58:23.476
213,AC-HE-HL-U509-R,HL-U509-R,AC_HE,Sport-100 Helmet- Red,14,Other Sales,2012-07-01,2013-06-30,2026-05-04 12:58:23.476
214,AC-HE-HL-U509-R,HL-U509-R,AC_HE,Sport-100 Helmet- Red,13,Other Sales,2013-07-01,,2026-05-04 12:58:23.476
487,AC-HP-HY-1023-70,HY-1023-70,AC_HP,Hydration Pack - 70 oz.,21,Other Sales,2013-07-01,,2026-05-04 12:58:23.476
451,AC-LI-LT-H902,LT-H902,AC_LI,Headlights - Dual-Beam,14,Road,2012-07-01,,2026-05-04 12:58:23.476
452,AC-LI-LT-H903,LT-H903,AC_LI,Headlights - Weatherproof,19,Road,2012-07-01,,2026-05-04 12:58:23.476
450,AC-LI-LT-T990,LT-T990,AC_LI,Taillights - Battery-Powered,6,Road,2012-07-01,,2026-05-04 12:58:23.476
447,AC-LO-LO-C100,LO-C100,AC_LO,Cable Lock,10,Other Sales,2012-07-01,,2026-05-04 12:58:23.476
446,AC-PA-PA-T100,PA-T100,AC_PA,Touring-Panniers- Large,52,Touring,2012-07-01,,2026-05-04 12:58:23.476
448,AC-PU-PU-0452,PU-0452,AC_PU,Minipump,8,Other Sales,2012-07-01,,2026-05-04 12:58:23.476
449,AC-PU-PU-M044,PU-M044,AC_PU,Mountain Pump,10,Mountain,2012-07-01,,2026-05-04 12:58:23.476
480,AC-TT-PK-7098,PK-7098,AC_TT,Patch Kit/8 Patches,1,Other Sales,2013-07-01,,2026-05-04 12:58:23.476
535,AC-TT-TI-M267,TI-M267,AC_TT,LL Mountain Tire,9,Mountain,2013-07-01,,2026-05-04 12:58:23.476
536,AC-TT-TI-M602,TI-M602,AC_TT,ML Mountain Tire,11,Mountain,2013-07-01,,2026-05-04 12:58:23.476
537,AC-TT-TI-M823,TI-M823,AC_TT,HL Mountain Tire,13,Mountain,2013-07-01,,2026-05-04 12:58:23.476
538,AC-TT-TI-R092,TI-R092,AC_TT,LL Road Tire,8,Road,2013-07-01,,2026-05-04 12:58:23.476
539,AC-TT-TI-R628,TI-R628,AC_TT,ML Road Tire,9,Road,2013-07-01,,2026-05-04 12:58:23.476
540,AC-TT-TI-R982,TI-R982,AC_TT,HL Road Tire,12,Road,2013-07-01,,2026-05-04 12:58:23.476
541,AC-TT-TI-T723,TI-T723,AC_TT,Touring Tire,11,Touring,2013-07-01,,2026-05-04 12:58:23.476
528,AC-TT-TT-M928,TT-M928,AC_TT,Mountain Tire Tube,2,Mountain,2013-07-01,,2026-05-04 12:58:23.476
529,AC-TT-TT-R982,TT-R982,AC_TT,Road Tire Tube,1,Road,2013-07-01,,2026-05-04 12:58:23.476
530,AC-TT-TT-T092,TT-T092,AC_TT,Touring Tire Tube,2,Touring,2013-07-01,,2026-05-04 12:58:23.476
596,BI-MB-BK-M18B-40,BK-M18B-40,BI_MB,Mountain-500 Black- 40,295,Mountain,2013-07-01,,2026-05-04 12:58:23.476
597,BI-MB-BK-M18B-42,BK-M18B-42,BI_MB,Mountain-500 Black- 42,295,Mountain,2013-07-01,,2026-05-04 12:58:23.476
598,BI-MB-BK-M18B-44,BK-M18B-44,BI_MB,Mountain-500 Black- 44,295,Mountain,2013-07-01,,2026-05-04 12:58:23.476
599,BI-MB-BK-M18B-48,BK-M18B-48,BI_MB,Mountain-500 Black- 48,295,Mountain,2013-07-01,,2026-05-04 12:58:23.476
600,BI-MB-BK-M18B-52,BK-M18B-52,BI_MB,Mountain-500 Black- 52,295,Mountain,2013-07-01,,2026-05-04 12:58:23.476
591,BI-MB-BK-M18S-40,BK-M18S-40,BI_MB,Mountain-500 Silver- 40,308,Mountain,2013-07-01,,2026-05-04 12:58:23.476
592,BI-MB-BK-M18S-42,BK-M18S-42,BI_MB,Mountain-500 Silver- 42,308,Mountain,2013-07-01,,2026-05-04 12:58:23.476
593,BI-MB-BK-M18S-44,BK-M18S-44,BI_MB,Mountain-500 Silver- 44,308,Mountain,2013-07-01,,2026-05-04 12:58:23.476
594,BI-MB-BK-M18S-48,BK-M18S-48,BI_MB,Mountain-500 Silver- 48,308,Mountain,2013-07-01,,2026-05-04 12:58:23.476
595,BI-MB-BK-M18S-52,BK-M18S-52,BI_MB,Mountain-500 Silver- 52,308,Mountain,2013-07-01,,2026-05-04 12:58:23.476
587,BI-MB-BK-M38S-38,BK-M38S-38,BI_MB,Mountain-400-W Silver- 38,420,Mountain,2013-07-01,,2026-05-04 12:58:23.476
588,BI-MB-BK-M38S-40,BK-M38S-40,BI_MB,Mountain-400-W Silver- 40,420,Mountain,2013-07-01,,2026-05-04 12:58:23.476
589,BI-MB-BK-M38S-42,BK-M38S-42,BI_MB,Mountain-400-W Silver- 42,420,Mountain,2013-07-01,,2026-05-04 12:58:23.476
590,BI-MB-BK-M38S-46,BK-M38S-46,BI_MB,Mountain-400-W Silver- 46,420,Mountain,2013-07-01,,2026-05-04 12:58:23.476
364,BI-MB-BK-M47B-38,BK-M47B-38,BI_MB,Mountain-300 Black- 38,598,Mountain,2012-07-01,,2026-05-04 12:58:23.476
365,BI-MB-BK-M47B-40,BK-M47B-40,BI_MB,Mountain-300 Black- 40,598,Mountain,2012-07-01,,2026-05-04 12:58:23.476
366,BI-MB-BK-M47B-44,BK-M47B-44,BI_MB,Mountain-300 Black- 44,598,Mountain,2012-07-01,,2026-05-04 12:58:23.476
367,BI-MB-BK-M47B-48,BK-M47B-48,BI_MB,Mountain-300 Black- 48,598,Mountain,2012-07-01,,2026-05-04 12:58:23.476
358,BI-MB-BK-M68B-38,BK-M68B-38,BI_MB,Mountain-200 Black- 38,1106,Mountain,2012-07-01,2013-06-30,2026-05-04 12:58:23.476
359,BI-MB-BK-M68B-38,BK-M68B-38,BI_MB,Mountain-200 Black- 38,1252,Mountain,2013-07-01,,2026-05-04 12:58:23.476
360,BI-MB-BK-M68B-42,BK-M68B-42,BI_MB,Mountain-200 Black- 42,1106,Mountain,2012-07-01,2013-06-30,2026-05-04 12:58:23.476
361,BI-MB-BK-M68B-42,BK-M68B-42,BI_MB,Mountain-200 Black- 42,1252,Mountain,2013-07-01,,2026-05-04 12:58:23.476
362,BI-MB-BK-M68B-46,BK-M68B-46,BI_MB,Mountain-200 Black- 46,1106,Mountain,2012-07-01,2013-06-30,2026-05-04 12:58:23.476
363,BI-MB-BK-M68B-46,BK-M68B-46,BI_MB,Mountain-200 Black- 46,1252,Mountain,2013-07-01,,2026-05-04 12:58:23.476
352,BI-MB-BK-M68S-38,BK-M68S-38,BI_MB,Mountain-200 Silver- 38,1118,Mountain,2012-07-01,2013-06-30,2026-05-04 12:58:23.476
353,BI-MB-BK-M68S-38,BK-M68S-38,BI_MB,Mountain-200 Silver- 38,1266,Mountain,2013-07-01,,2026-05-04 12:58:23.476
354,BI-MB-BK-M68S-42,BK-M68S-42,BI_MB,Mountain-200 Silver- 42,1118,Mountain,2012-07-01,2013-06-30,2026-05-04 12:58:23.476
355,BI-MB-BK-M68S-42,BK-M68S-42,BI_MB,Mountain-200 Silver- 42,1266,Mountain,2013-07-01,,2026-05-04 12:58:23.476
356,BI-MB-BK-M68S-46,BK-M68S-46,BI_MB,Mountain-200 Silver- 46,1118,Mountain,2012-07-01,2013-06-30,2026-05-04 12:58:23.476
357,BI-MB-BK-M68S-46,BK-M68S-46,BI_MB,Mountain-200 Silver- 46,1266,Mountain,2013-07-01,,2026-05-04 12:58:23.476
348,BI-MB-BK-M82B-38,BK-M82B-38,BI_MB,Mountain-100 Black- 38,1898,Mountain,2011-07-01,,2026-05-04 12:58:23.476
349,BI-MB-BK-M82B-42,BK-M82B-42,BI_MB,Mountain-100 Black- 42,1898,Mountain,2011-07-01,,2026-05-04 12:58:23.476
350,BI-MB-BK-M82B-44,BK-M82B-44,BI_MB,Mountain-100 Black- 44,1898,Mountain,2011-07-01,,2026-05-04 12:58:23.476
351,BI-MB-BK-M82B-48,BK-M82B-48,BI_MB,Mountain-100 Black- 48,1898,Mountain,2011-07-01,,2026-05-04 12:58:23.476
344,BI-MB-BK-M82S-38,BK-M82S-38,BI_MB,Mountain-100 Silver- 38,1912,Mountain,2011-07-01,,2026-05-04 12:58:23.476
345,BI-MB-BK-M82S-42,BK-M82S-42,BI_MB,Mountain-100 Silver- 42,1912,Mountain,2011-07-01,,2026-05-04 12:58:23.476
346,BI-MB-BK-M82S-44,BK-M82S-44,BI_MB,Mountain-100 Silver- 44,1912,Mountain,2011-07-01,,2026-05-04 12:58:23.476
347,BI-MB-BK-M82S-48,BK-M82S-48,BI_MB,Mountain-100 Silver- 48,1912,Mountain,2011-07-01,,2026-05-04 12:58:23.476
604,BI-RB-BK-R19B-44,BK-R19B-44,BI_RB,Road-750 Black- 44,344,Road,2013-07-01,,2026-05-04 12:58:23.476
605,BI-RB-BK-R19B-48,BK-R19B-48,BI_RB,Road-750 Black- 48,344,Road,2013-07-01,,2026-05-04 12:58:23.476
606,BI-RB-BK-R19B-52,BK-R19B-52,BI_RB,Road-750 Black- 52,344,Road,2013-07-01,,2026-05-04 12:58:23.476
584,BI-RB-BK-R19B-58,BK-R19B-58,BI_RB,Road-750 Black- 58,344,Road,2013-07-01,,2026-05-04 12:58:23.476
338,BI-RB-BK-R50B-44,BK-R50B-44,BI_RB,Road-650 Black- 44,413,Road,2011-07-01,2012-06-30,2026-05-04 12:58:23.476
339,BI-RB-BK-R50B-44,BK-R50B-44,BI_RB,Road-650 Black- 44,487,Road,2012-07-01,,2026-05-04 12:58:23.476
340,BI-RB-BK-R50B-48,BK-R50B-48,BI_RB,Road-650 Black- 48,413,Road,2011-07-01,2012-06-30,2026-05-04 12:58:23.476
341,BI-RB-BK-R50B-48,BK-R50B-48,BI_RB,Road-650 Black- 48,487,Road,2012-07-01,,2026-05-04 12:58:23.476
342,BI-RB-BK-R50B-52,BK-R50B-52,BI_RB,Road-650 Black- 52,413,Road,2011-07-01,2012-06-30,2026-05-04 12:58:23.476
343,BI-RB-BK-R50B-52,BK-R50B-52,BI_RB,Road-650 Black- 52,487,Road,2012-07-01,,2026-05-04 12:58:23.476
332,BI-RB-BK-R50B-58,BK-R50B-58,BI_RB,Road-650 Black- 58,413,Road,2011-07-01,2012-06-30,2026-05-04 12:58:23.476
333,BI-RB-BK-R50B-58,BK-R50B-58,BI_RB,Road-650 Black- 58,487,Road,2012-07-01,,2026-05-04 12:58:23.476
334,BI-RB-BK-R50B-60,BK-R50B-60,BI_RB,Road-650 Black- 60,413,Road,2011-07-01,2012-06-30,2026-05-04 12:58:23.476
335,BI-RB-BK-R50B-60,BK-R50B-60,BI_RB,Road-650 Black- 60,487,Road,2012-07-01,,2026-05-04 12:58:23.476
336,BI-RB-BK-R50B-62,BK-R50B-62,BI_RB,Road-650 Black- 62,413,Road,2011-07-01,2012-06-30,2026-05-04 12:58:23.476
337,BI-RB-BK-R50B-62,BK-R50B-62,BI_RB,Road-650 Black- 62,487,Road,2012-07-01,,2026-05-04 12:58:23.476
326,BI-RB-BK-R50R-44,BK-R50R-44,BI_RB,Road-650 Red- 44,413,Road,2011-07-01,2012-06-30,2026-05-04 12:58:23.476
327,BI-RB-BK-R50R-44,BK-R50R-44,BI_RB,Road-650 Red- 44,487,Road,2012-07-01,,2026-05-04 12:58:23.476
328,BI-RB-BK-R50R-48,BK-R50R-48,BI_RB,Road-650 Red- 48,413,Road,2011-07-01,2012-06-30,2026-05-04 12:58:23.476
329,BI-RB-BK-R50R-48,BK-R50R-48,BI_RB,Road-650 Red- 48,487,Road,2012-07-01,,2026-05-04 12:58:23.476
330,BI-RB-BK-R50R-52,BK-R50R-52,BI_RB,Road-650 Red- 52,413,Road,2011-07-01,2012-06-30,2026-05-04 12:58:23.476
331,BI-RB-BK-R50R-52,BK-R50R-52,BI_RB,Road-650 Red- 52,487,Road,2012-07-01,,2026-05-04 12:58:23.476
320,BI-RB-BK-R50R-58,BK-R50R-58,BI_RB,Road-650 Red- 58,413,Road,2011-07-01,2012-06-30,2026-05-04 12:58:23.476
321,BI-RB-BK-R50R-58,BK-R50R-58,BI_RB,Road-650 Red- 58,487,Road,2012-07-01,,2026-05-04 12:58:23.476
322,BI-RB-BK-R50R-60,BK-R50R-60,BI_RB,Road-650 Red- 60,413,Road,2011-07-01,2012-06-30,2026-05-04 12:58:23.476
323,BI-RB-BK-R50R-60,BK-R50R-60,BI_RB,Road-650 Red- 60,487,Road,2012-07-01,,2026-05-04 12:58:23.476
324,BI-RB-BK-R50R-62,BK-R50R-62,BI_RB,Road-650 Red- 62,413,Road,2011-07-01,2012-06-30,2026-05-04 12:58:23.476
325,BI-RB-BK-R50R-62,BK-R50R-62,BI_RB,Road-650 Red- 62,487,Road,2012-07-01,,2026-05-04 12:58:23.476
381,BI-RB-BK-R64Y-38,BK-R64Y-38,BI_RB,Road-550-W Yellow- 38,606,Road,2012-07-01,2013-06-30,2026-05-04 12:58:23.476
382,BI-RB-BK-R64Y-38,BK-R64Y-38,BI_RB,Road-550-W Yellow- 38,713,Road,2013-07-01,,2026-05-04 12:58:23.476
383,BI-RB-BK-R64Y-40,BK-R64Y-40,BI_RB,Road-550-W Yellow- 40,606,Road,2012-07-01,2013-06-30,2026-05-04 12:58:23.476
384,BI-RB-BK-R64Y-40,BK-R64Y-40,BI_RB,Road-550-W Yellow- 40,713,Road,2013-07-01,,2026-05-04 12:58:23.476
385,BI-RB-BK-R64Y-42,BK-R64Y-42,BI_RB,Road-550-W Yellow- 42,606,Road,2012-07-01,2013-06-30,2026-05-04 12:58:23.476
386,BI-RB-BK-R64Y-42,BK-R64Y-42,BI_RB,Road-550-W Yellow- 42,713,Road,2013-07-01,,2026-05-04 12:58:23.476
387,BI-RB-BK-R64Y-44,BK-R64Y-44,BI_RB,Road-550-W Yellow- 44,606,Road,2012-07-01,2013-06-30,2026-05-04 12:58:23.476
388,BI-RB-BK-R64Y-44,BK-R64Y-44,BI_RB,Road-550-W Yellow- 44,713,Road,2013-07-01,,2026-05-04 12:58:23.476
389,BI-RB-BK-R64Y-48,BK-R64Y-48,BI_RB,Road-550-W Yellow- 48,606,Road,2012-07-01,2013-06-30,2026-05-04 12:58:23.476
390,BI-RB-BK-R64Y-48,BK-R64Y-48,BI_RB,Road-550-W Yellow- 48,713,Road,2013-07-01,,2026-05-04 12:58:23.476
317,BI-RB-BK-R68R-44,BK-R68R-44,BI_RB,Road-450 Red- 44,885,Road,2011-07-01,,2026-05-04 12:58:23.476
318,BI-RB-BK-R68R-48,BK-R68R-48,BI_RB,Road-450 Red- 48,885,Road,2011-07-01,,2026-05-04 12:58:23.476
319,BI-RB-BK-R68R-52,BK-R68R-52,BI_RB,Road-450 Red- 52,885,Road,2011-07-01,,2026-05-04 12:58:23.476
315,BI-RB-BK-R68R-58,BK-R68R-58,BI_RB,Road-450 Red- 58,885,Road,2011-07-01,,2026-05-04 12:58:23.476
316,BI-RB-BK-R68R-60,BK-R68R-60,BI_RB,Road-450 Red- 60,885,Road,2011-07-01,,2026-05-04 12:58:23.476
580,BI-RB-BK-R79Y-40,BK-R79Y-40,BI_RB,Road-350-W Yellow- 40,1083,Road,2013-07-01,,2026-05-04 12:58:23.476
581,BI-RB-BK-R79Y-42,BK-R79Y-42,BI_RB,Road-350-W Yellow- 42,1083,Road,2013-07-01,,2026-05-04 12:58:23.476
582,BI-RB-BK-R79Y-44,BK-R79Y-44,BI_RB,Road-350-W Yellow- 44,1083,Road,2013-07-01,,2026-05-04 12:58:23.476
583,BI-RB-BK-R79Y-48,BK-R79Y-48,BI_RB,Road-350-W Yellow- 48,1083,Road,2013-07-01,,2026-05-04 12:58:23.476
373,BI-RB-BK-R89B-44,BK-R89B-44,BI_RB,Road-250 Black- 44,1321,Road,2012-07-01,2013-06-30,2026-05-04 12:58:23.476
374,BI-RB-BK-R89B-44,BK-R89B-44,BI_RB,Road-250 Black- 44,1555,Road,2013-07-01,,2026-05-04 12:58:23.476
375,BI-RB-BK-R89B-48,BK-R89B-48,BI_RB,Road-250 Black- 48,1321,Road,2012-07-01,2013-06-30,2026-05-04 12:58:23.476
376,BI-RB-BK-R89B-48,BK-R89B-48,BI_RB,Road-250 Black- 48,1555,Road,2013-07-01,,2026-05-04 12:58:23.476
377,BI-RB-BK-R89B-52,BK-R89B-52,BI_RB,Road-250 Black- 52,1321,Road,2012-07-01,2013-06-30,2026-05-04 12:58:23.476
378,BI-RB-BK-R89B-52,BK-R89B-52,BI_RB,Road-250 Black- 52,1555,Road,2013-07-01,,2026-05-04 12:58:23.476
379,BI-RB-BK-R89B-58,BK-R89B-58,BI_RB,Road-250 Black- 58,1321,Road,2012-07-01,2013-06-30,2026-05-04 12:58:23.476
380,BI-RB-BK-R89B-58,BK-R89B-58,BI_RB,Road-250 Black- 58,1555,Road,2013-07-01,,2026-05-04 12:58:23.476
368,BI-RB-BK-R89R-44,BK-R89R-44,BI_RB,Road-250 Red- 44,1519,Road,2012-07-01,,2026-05-04 12:58:23.476
369,BI-RB-BK-R89R-48,BK-R89R-48,BI_RB,Road-250 Red- 48,1519,Road,2012-07-01,,2026-05-04 12:58:23.476
370,BI-RB-BK-R89R-52,BK-R89R-52,BI_RB,Road-250 Red- 52,1519,Road,2012-07-01,,2026-05-04 12:58:23.476
371,BI-RB-BK-R89R-58,BK-R89R-58,BI_RB,Road-250 Red- 58,1321,Road,2012-07-01,2013-06-30,2026-05-04 12:58:23.476
372,BI-RB-BK-R89R-58,BK-R89R-58,BI_RB,Road-250 Red- 58,1555,Road,2013-07-01,,2026-05-04 12:58:23.476
311,BI-RB-BK-R93R-44,BK-R93R-44,BI_RB,Road-150 Red- 44,2171,Road,2011-07-01,,2026-05-04 12:58:23.476
312,BI-RB-BK-R93R-48,BK-R93R-48,BI_RB,Road-150 Red- 48,2171,Road,2011-07-01,,2026-05-04 12:58:23.476
313,BI-RB-BK-R93R-52,BK-R93R-52,BI_RB,Road-150 Red- 52,2171,Road,2011-07-01,,2026-05-04 12:58:23.476
314,BI-RB-BK-R93R-56,BK-R93R-56,BI_RB,Road-150 Red- 56,2171,Road,2011-07-01,,2026-05-04 12:58:23.476
310,BI-RB-BK-R93R-62,BK-R93R-62,BI_RB,Road-150 Red- 62,2171,Road,2011-07-01,,2026-05-04 12:58:23.476
585,BI-TB-BK-T18U-44,BK-T18U-44,BI_TB,Touring-3000 Blue- 44,461,Touring,2013-07-01,,2026-05-04 12:58:23.476
586,BI-TB-BK-T18U-50,BK-T18U-50,BI_TB,Touring-3000 Blue- 50,461,Touring,2013-07-01,,2026-05-04 12:58:23.476
565,BI-TB-BK-T18U-54,BK-T18U-54,BI_TB,Touring-3000 Blue- 54,461,Touring,2013-07-01,,2026-05-04 12:58:23.476
566,BI-TB-BK-T18U-58,BK-T18U-58,BI_TB,Touring-3000 Blue- 58,461,Touring,2013-07-01,,2026-05-04 12:58:23.476
567,BI-TB-BK-T18U-62,BK-T18U-62,BI_TB,Touring-3000 Blue- 62,461,Touring,2013-07-01,,2026-05-04 12:58:23.476
568,BI-TB-BK-T18Y-44,BK-T18Y-44,BI_TB,Touring-3000 Yellow- 44,461,Touring,2013-07-01,,2026-05-04 12:58:23.476
569,BI-TB-BK-T18Y-50,BK-T18Y-50,BI_TB,Touring-3000 Yellow- 50,461,Touring,2013-07-01,,2026-05-04 12:58:23.476
570,BI-TB-BK-T18Y-54,BK-T18Y-54,BI_TB,Touring-3000 Yellow- 54,461,Touring,2013-07-01,,2026-05-04 12:58:23.476
571,BI-TB-BK-T18Y-58,BK-T18Y-58,BI_TB,Touring-3000 Yellow- 58,461,Touring,2013-07-01,,2026-05-04 12:58:23.476
572,BI-TB-BK-T18Y-62,BK-T18Y-62,BI_TB,Touring-3000 Yellow- 62,461,Touring,2013-07-01,,2026-05-04 12:58:23.476
577,BI-TB-BK-T44U-46,BK-T44U-46,BI_TB,Touring-2000 Blue- 46,755,Touring,2013-07-01,,2026-05-04 12:58:23.476
578,BI-TB-BK-T44U-50,BK-T44U-50,BI_TB,Touring-2000 Blue- 50,755,Touring,2013-07-01,,2026-05-04 12:58:23.476
579,BI-TB-BK-T44U-54,BK-T44U-54,BI_TB,Touring-2000 Blue- 54,755,Touring,2013-07-01,,2026-05-04 12:58:23.476
560,BI-TB-BK-T44U-60,BK-T44U-60,BI_TB,Touring-2000 Blue- 60,755,Touring,2013-07-01,,2026-05-04 12:58:23.476
573,BI-TB-BK-T79U-46,BK-T79U-46,BI_TB,Touring-1000 Blue- 46,1482,Touring,2013-07-01,,2026-05-04 12:58:23.476
574,BI-TB-BK-T79U-50,BK-T79U-50,BI_TB,Touring-1000 Blue- 50,1482,Touring,2013-07-01,,2026-05-04 12:58:23.476
575,BI-TB-BK-T79U-54,BK-T79U-54,BI_TB,Touring-1000 Blue- 54,1482,Touring,2013-07-01,,2026-05-04 12:58:23.476
576,BI-TB-BK-T79U-60,BK-T79U-60,BI_TB,Touring-1000 Blue- 60,1482,Touring,2013-07-01,,2026-05-04 12:58:23.476
561,BI-TB-BK-T79Y-46,BK-T79Y-46,BI_TB,Touring-1000 Yellow- 46,1482,Touring,2013-07-01,,2026-05-04 12:58:23.476
562,BI-TB-BK-T79Y-50,BK-T79Y-50,BI_TB,Touring-1000 Yellow- 50,1482,Touring,2013-07-01,,2026-05-04 12:58:23.476
563,BI-TB-BK-T79Y-54,BK-T79Y-54,BI_TB,Touring-1000 Yellow- 54,1482,Touring,2013-07-01,,2026-05-04 12:58:23.476
564,BI-TB-BK-T79Y-60,BK-T79Y-60,BI_TB,Touring-1000 Yellow- 60,1482,Touring,2013-07-01,,2026-05-04 12:58:23.476
461,CL-BS-SB-M891-L,SB-M891-L,CL_BS,Men's Bib-Shorts- L,37,Other Sales,2012-07-01,,2026-05-04 12:58:23.476
460,CL-BS-SB-M891-M,SB-M891-M,CL_BS,Men's Bib-Shorts- M,37,Other Sales,2012-07-01,,2026-05-04 12:58:23.476
459,CL-BS-SB-M891-S,SB-M891-S,CL_BS,Men's Bib-Shorts- S,37,Other Sales,2012-07-01,,2026-05-04 12:58:23.476
223,CL-CA-CA-1098,CA-1098,CL_CA,AWC Logo Cap,6,Other Sales,2011-07-01,2012-06-30,2026-05-04 12:58:23.476
224,CL-CA-CA-1098,CA-1098,CL_CA,AWC Logo Cap,5,Other Sales,2012-07-01,2013-06-30,2026-05-04 12:58:23.476
225,CL-CA-CA-1098,CA-1098,CL_CA,AWC Logo Cap,7,Other Sales,2013-07-01,,2026-05-04 12:58:23.476
470,CL-GL-GL-F110-L,GL-F110-L,CL_GL,Full-Finger Gloves- L,16,Mountain,2012-07-01,,2026-05-04 12:58:23.476
469,CL-GL-GL-F110-M,GL-F110-M,CL_GL,Full-Finger Gloves- M,16,Mountain,2012-07-01,,2026-05-04 12:58:23.476
468,CL-GL-GL-F110-S,GL-F110-S,CL_GL,Full-Finger Gloves- S,16,Mountain,2012-07-01,,2026-05-04 12:58:23.476
466,CL-GL-GL-H102-L,GL-H102-L,CL_GL,Half-Finger Gloves- L,10,Other Sales,2012-07-01,2013-06-30,2026-05-04 12:58:23.476
467,CL-GL-GL-H102-L,GL-H102-L,CL_GL,Half-Finger Gloves- L,9,Other Sales,2013-07-01,,2026-05-04 12:58:23.476
464,CL-GL-GL-H102-M,GL-H102-M,CL_GL,Half-Finger Gloves- M,10,Other Sales,2012-07-01,2013-06-30,2026-05-04 12:58:23.476
465,CL-GL-GL-H102-M,GL-H102-M,CL_GL,Half-Finger Gloves- M,9,Other Sales,2013-07-01,,2026-05-04 12:58:23.476
462,CL-GL-GL-H102-S,GL-H102-S,CL_GL,Half-Finger Gloves- S,10,Other Sales,2012-07-01,2013-06-30,2026-05-04 12:58:23.476
463,CL-GL-GL-H102-S,GL-H102-S,CL_GL,Half-Finger Gloves- S,9,Other Sales,2013-07-01,,2026-05-04 12:58:23.476
232,CL-JE-LJ-0192-L,LJ-0192-L,CL_JE,Long-Sleeve Logo Jersey- L,32,Other Sales,2011-07-01,2012-06-30,2026-05-04 12:58:23.476
233,CL-JE-LJ-0192-L,LJ-0192-L,CL_JE,Long-Sleeve Logo Jersey- L,29,Other Sales,2012-07-01,2013-06-30,2026-05-04 12:58:23.476
234,CL-JE-LJ-0192-L,LJ-0192-L,CL_JE,Long-Sleeve Logo Jersey- L,38,Other Sales,2013-07-01,,2026-05-04 12:58:23.476
229,CL-JE-LJ-0192-M,LJ-0192-M,CL_JE,Long-Sleeve Logo Jersey- M,32,Other Sales,2011-07-01,2012-06-30,2026-05-04 12:58:23.476
230,CL-JE-LJ-0192-M,LJ-0192-M,CL_JE,Long-Sleeve Logo Jersey- M,29,Other Sales,2012-07-01,2013-06-30,2026-05-04 12:58:23.476
231,CL-JE-LJ-0192-M,LJ-0192-M,CL_JE,Long-Sleeve Logo Jersey- M,38,Other Sales,2013-07-01,,2026-05-04 12:58:23.476
226,CL-JE-LJ-0192-S,LJ-0192-S,CL_JE,Long-Sleeve Logo Jersey- S,32,Other Sales,2011-07-01,2012-06-30,2026-05-04 12:58:23.476
227,CL-JE-LJ-0192-S,LJ-0192-S,CL_JE,Long-Sleeve Logo Jersey- S,29,Other Sales,2012-07-01,2013-06-30,2026-05-04 12:58:23.476
228,CL-JE-LJ-0192-S,LJ-0192-S,CL_JE,Long-Sleeve Logo Jersey- S,38,Other Sales,2013-07-01,,2026-05-04 12:58:23.476
235,CL-JE-LJ-0192-X,LJ-0192-X,CL_JE,Long-Sleeve Logo Jersey- XL,32,Other Sales,2011-07-01,2012-06-30,2026-05-04 12:58:23.476
236,CL-JE-LJ-0192-X,LJ-0192-X,CL_JE,Long-Sleeve Logo Jersey- XL,29,Other Sales,2012-07-01,2013-06-30,2026-05-04 12:58:23.476
237,CL-JE-LJ-0192-X,LJ-0192-X,CL_JE,Long-Sleeve Logo Jersey- XL,38,Other Sales,2013-07-01,,2026-05-04 12:58:23.476
490,CL-JE-SJ-0194-L,SJ-0194-L,CL_JE,Short-Sleeve Classic Jersey- L,42,Other Sales,2013-07-01,,2026-05-04 12:58:23.476
489,CL-JE-SJ-0194-M,SJ-0194-M,CL_JE,Short-Sleeve Classic Jersey- M,42,Other Sales,2013-07-01,,2026-05-04 12:58:23.476
488,CL-JE-SJ-0194-S,SJ-0194-S,CL_JE,Short-Sleeve Classic Jersey- S,42,Other Sales,2013-07-01,,2026-05-04 12:58:23.476
491,CL-JE-SJ-0194-X,SJ-0194-X,CL_JE,Short-Sleeve Classic Jersey- XL,42,Other Sales,2013-07-01,,2026-05-04 12:58:23.476
454,CL-SH-SH-M897-L,SH-M897-L,CL_SH,Men's Sports Shorts- L,25,Other Sales,2012-07-01,,2026-05-04 12:58:23.476
453,CL-SH-SH-M897-M,SH-M897-M,CL_SH,Men's Sports Shorts- M,25,Other Sales,2012-07-01,,2026-05-04 12:58:23.476
445,CL-SH-SH-M897-S,SH-M897-S,CL_SH,Men's Sports Shorts- S,25,Other Sales,2012-07-01,,2026-05-04 12:58:23.476
455,CL-SH-SH-M897-X,SH-M897-X,CL_SH,Men's Sports Shorts- XL,25,Other Sales,2012-07-01,,2026-05-04 12:58:23.476
476,CL-SH-SH-W890-L,SH-W890-L,CL_SH,Women's Mountain Shorts- L,26,Mountain,2013-07-01,,2026-05-04 12:58:23.476
475,CL-SH-SH-W890-M,SH-W890-M,CL_SH,Women's Mountain Shorts- M,26,Mountain,2013-07-01,,2026-05-04 12:58:23.476
474,CL-SH-SH-W890-S,SH-W890-S,CL_SH,Women's Mountain Shorts- S,26,Mountain,2013-07-01,,2026-05-04 12:58:23.476
219,CL-SO-SO-B909-L,SO-B909-L,CL_SO,Mountain Bike Socks- L,3,Mountain,2011-07-01,,2026-05-04 12:58:23.476
218,CL-SO-SO-B909-M,SO-B909-M,CL_SO,Mountain Bike Socks- M,3,Mountain,2011-07-01,,2026-05-04 12:58:23.476
482,CL-SO-SO-R809-L,SO-R809-L,CL_SO,Racing Socks- L,3,Road,2013-07-01,,2026-05-04 12:58:23.476
481,CL-SO-SO-R809-M,SO-R809-M,CL_SO,Racing Socks- M,3,Road,2013-07-01,,2026-05-04 12:58:23.476
458,CL-TI-TG-W091-L,TG-W091-L,CL_TI,Women's Tights- L,31,Other Sales,2012-07-01,,2026-05-04 12:58:23.476
457,CL-TI-TG-W091-M,TG-W091-M,CL_TI,Women's Tights- M,31,Other Sales,2012-07-01,,2026-05-04 12:58:23.476
456,CL-TI-TG-W091-S,TG-W091-S,CL_TI,Women's Tights- S,31,Other Sales,2012-07-01,,2026-05-04 12:58:23.476
473,CL-VE-VE-C304-L,VE-C304-L,CL_VE,Classic Vest- L,24,Other Sales,2013-07-01,,2026-05-04 12:58:23.476
472,CL-VE-VE-C304-M,VE-C304-M,CL_VE,Classic Vest- M,24,Other Sales,2013-07-01,,2026-05-04 12:58:23.476
471,CL-VE-VE-C304-S,VE-C304-S,CL_VE,Classic Vest- S,24,Other Sales,2013-07-01,,2026-05-04 12:58:23.476
601,CO-BB-BB-7421,BB-7421,CO_BB,LL Bottom Bracket,24,unknown,2013-07-01,,2026-05-04 12:58:23.476
602,CO-BB-BB-8107,BB-8107,CO_BB,ML Bottom Bracket,45,unknown,2013-07-01,,2026-05-04 12:58:23.476
603,CO-BB-BB-9108,BB-9108,CO_BB,HL Bottom Bracket,54,unknown,2013-07-01,,2026-05-04 12:58:23.476
555,CO-BR-FB-9873,FB-9873,CO_BR,Front Brakes,47,unknown,2013-07-01,,2026-05-04 12:58:23.476
514,CO-BR-RB-9231,RB-9231,CO_BR,Rear Brakes,47,unknown,2013-07-01,,2026-05-04 12:58:23.476
559,CO-CH-CH-0234,CH-0234,CO_CH,Chain,9,unknown,2013-07-01,,2026-05-04 12:58:23.476
556,CO-CS-CS-4759,CS-4759,CO_CS,LL Crankset,78,unknown,2013-07-01,,2026-05-04 12:58:23.476
557,CO-CS-CS-6583,CS-6583,CO_CS,ML Crankset,114,unknown,2013-07-01,,2026-05-04 12:58:23.476
558,CO-CS-CS-9183,CS-9183,CO_CS,HL Crankset,180,unknown,2013-07-01,,2026-05-04 12:58:23.476
552,CO-DE-FD-2342,FD-2342,CO_DE,Front Derailleur,41,unknown,2013-07-01,,2026-05-04 12:58:23.476
501,CO-DE-RD-2308,RD-2308,CO_DE,Rear Derailleur,54,unknown,2013-07-01,,2026-05-04 12:58:23.476
391,CO-FO-FK-1639,FK-1639,CO_FO,LL Fork,66,unknown,2012-07-01,,2026-05-04 12:58:23.476
392,CO-FO-FK-5136,FK-5136,CO_FO,ML Fork,78,unknown,2012-07-01,,2026-05-04 12:58:23.476
393,CO-FO-FK-9939,FK-9939,CO_FO,HL Fork,102,unknown,2012-07-01,,2026-05-04 12:58:23.476
397,CO-HB-HB-M243,HB-M243,CO_HB,LL Mountain Handlebars,18,Mountain,2012-07-01,2013-06-30,2026-05-04 12:58:23.476
398,CO-HB-HB-M243,HB-M243,CO_HB,LL Mountain Handlebars,20,Mountain,2013-07-01,,2026-05-04 12:58:23.476
399,CO-HB-HB-M763,HB-M763,CO_HB,ML Mountain Handlebars,25,Mountain,2012-07-01,2013-06-30,2026-05-04 12:58:23.476
400,CO-HB-HB-M763,HB-M763,CO_HB,ML Mountain Handlebars,27,Mountain,2013-07-01,,2026-05-04 12:58:23.476
401,CO-HB-HB-M918,HB-M918,CO_HB,HL Mountain Handlebars,49,Mountain,2012-07-01,2013-06-30,2026-05-04 12:58:23.476
402,CO-HB-HB-M918,HB-M918,CO_HB,HL Mountain Handlebars,53,Mountain,2013-07-01,,2026-05-04 12:58:23.476
403,CO-HB-HB-R504,HB-R504,CO_HB,LL Road Handlebars,18,Road,2012-07-01,2013-06-30,2026-05-04 12:58:23.476
404,CO-HB-HB-R504,HB-R504,CO_HB,LL Road Handlebars,20,Road,2013-07-01,,2026-05-04 12:58:23.476
405,CO-HB-HB-R720,HB-R720,CO_HB,ML Road Handlebars,25,Road,2012-07-01,2013-06-30,2026-05-04 12:58:23.476
406,CO-HB-HB-R720,HB-R720,CO_HB,ML Road Handlebars,27,Road,2013-07-01,,2026-05-04 12:58:23.476
407,CO-HB-HB-R956,HB-R956,CO_HB,HL Road Handlebars,49,Road,2012-07-01,2013-06-30,2026-05-04 12:58:23.476
408,CO-HB-HB-R956,HB-R956,CO_HB,HL Road Handlebars,53,Road,2013-07-01,,2026-05-04 12:58:23.476
553,CO-HB-HB-T721,HB-T721,CO_HB,LL Touring Handlebars,20,Touring,2013-07-01,,2026-05-04 12:58:23.476
554,CO-HB-HB-T928,HB-T928,CO_HB,HL Touring Handlebars,41,Touring,2013-07-01,,2026-05-04 12:58:23.476
394,CO-HS-HS-0296,HS-0296,CO_HS,LL Headset,15,unknown,2012-07-01,,2026-05-04 12:58:23.476
395,CO-HS-HS-2451,HS-2451,CO_HS,ML Headset,45,unknown,2012-07-01,,2026-05-04 12:58:23.476
396,CO-HS-HS-3479,HS-3479,CO_HS,HL Headset,55,unknown,2012-07-01,,2026-05-04 12:58:23.476
550,CO-MF-FR-M21B-40,FR-M21B-40,CO_MF,LL Mountain Frame - Black- 40,137,Mountain,2013-07-01,,2026-05-04 12:58:23.476
531,CO-MF-FR-M21B-42,FR-M21B-42,CO_MF,LL Mountain Frame - Black- 42,137,Mountain,2013-07-01,,2026-05-04 12:58:23.476
532,CO-MF-FR-M21B-44,FR-M21B-44,CO_MF,LL Mountain Frame - Black- 44,137,Mountain,2013-07-01,,2026-05-04 12:58:23.476
533,CO-MF-FR-M21B-48,FR-M21B-48,CO_MF,LL Mountain Frame - Black- 48,137,Mountain,2013-07-01,,2026-05-04 12:58:23.476
534,CO-MF-FR-M21B-52,FR-M21B-52,CO_MF,LL Mountain Frame - Black- 52,137,Mountain,2013-07-01,,2026-05-04 12:58:23.476
551,CO-MF-FR-M21S-40,FR-M21S-40,CO_MF,LL Mountain Frame - Silver- 40,145,Mountain,2013-07-01,,2026-05-04 12:58:23.476
524,CO-MF-FR-M21S-42,FR-M21S-42,CO_MF,LL Mountain Frame - Silver- 42,145,Mountain,2013-07-01,,2026-05-04 12:58:23.476
525,CO-MF-FR-M21S-44,FR-M21S-44,CO_MF,LL Mountain Frame - Silver- 44,145,Mountain,2013-07-01,,2026-05-04 12:58:23.476
526,CO-MF-FR-M21S-48,FR-M21S-48,CO_MF,LL Mountain Frame - Silver- 48,145,Mountain,2013-07-01,,2026-05-04 12:58:23.476
527,CO-MF-FR-M21S-52,FR-M21S-52,CO_MF,LL Mountain Frame - Silver- 52,145,Mountain,2013-07-01,,2026-05-04 12:58:23.476
409,CO-MF-FR-M63B-38,FR-M63B-38,CO_MF,ML Mountain Frame - Black- 38,186,Mountain,2012-07-01,,2026-05-04 12:58:23.476
426,CO-MF-FR-M63B-40,FR-M63B-40,CO_MF,ML Mountain Frame - Black- 40,186,Mountain,2012-07-01,,2026-05-04 12:58:23.476
427,CO-MF-FR-M63B-44,FR-M63B-44,CO_MF,ML Mountain Frame - Black- 44,186,Mountain,2012-07-01,,2026-05-04 12:58:23.476
428,CO-MF-FR-M63B-48,FR-M63B-48,CO_MF,ML Mountain Frame - Black- 48,186,Mountain,2012-07-01,,2026-05-04 12:58:23.476
549,CO-MF-FR-M63S-38,FR-M63S-38,CO_MF,ML Mountain Frame-W - Silver- 38,199,Mountain,2013-07-01,,2026-05-04 12:58:23.476
511,CO-MF-FR-M63S-40,FR-M63S-40,CO_MF,ML Mountain Frame-W - Silver- 40,199,Mountain,2013-07-01,,2026-05-04 12:58:23.476
512,CO-MF-FR-M63S-42,FR-M63S-42,CO_MF,ML Mountain Frame-W - Silver- 42,199,Mountain,2013-07-01,,2026-05-04 12:58:23.476
513,CO-MF-FR-M63S-46,FR-M63S-46,CO_MF,ML Mountain Frame-W - Silver- 46,199,Mountain,2013-07-01,,2026-05-04 12:58:23.476
304,CO-MF-FR-M94B-38,FR-M94B-38,CO_MF,HL Mountain Frame - Black- 38,617,Mountain,2011-07-01,2012-06-30,2026-05-04 12:58:23.476
305,CO-MF-FR-M94B-38,FR-M94B-38,CO_MF,HL Mountain Frame - Black- 38,654,Mountain,2012-07-01,2013-06-30,2026-05-04 12:58:23.476
306,CO-MF-FR-M94B-38,FR-M94B-38,CO_MF,HL Mountain Frame - Black- 38,739,Mountain,2013-07-01,,2026-05-04 12:58:23.476
296,CO-MF-FR-M94B-42,FR-M94B-42,CO_MF,HL Mountain Frame - Black- 42,617,Mountain,2011-07-01,2012-06-30,2026-05-04 12:58:23.476
297,CO-MF-FR-M94B-42,FR-M94B-42,CO_MF,HL Mountain Frame - Black- 42,654,Mountain,2012-07-01,2013-06-30,2026-05-04 12:58:23.476
298,CO-MF-FR-M94B-42,FR-M94B-42,CO_MF,HL Mountain Frame - Black- 42,739,Mountain,2013-07-01,,2026-05-04 12:58:23.476
299,CO-MF-FR-M94B-44,FR-M94B-44,CO_MF,HL Mountain Frame - Black- 44,699,Mountain,2011-07-01,,2026-05-04 12:58:23.476
301,CO-MF-FR-M94B-46,FR-M94B-46,CO_MF,HL Mountain Frame - Black- 46,617,Mountain,2011-07-01,2012-06-30,2026-05-04 12:58:23.476
302,CO-MF-FR-M94B-46,FR-M94B-46,CO_MF,HL Mountain Frame - Black- 46,654,Mountain,2012-07-01,2013-06-30,2026-05-04 12:58:23.476
303,CO-MF-FR-M94B-46,FR-M94B-46,CO_MF,HL Mountain Frame - Black- 46,739,Mountain,2013-07-01,,2026-05-04 12:58:23.476
300,CO-MF-FR-M94B-48,FR-M94B-48,CO_MF,HL Mountain Frame - Black- 48,699,Mountain,2011-07-01,,2026-05-04 12:58:23.476
307,CO-MF-FR-M94S-38,FR-M94S-38,CO_MF,HL Mountain Frame - Silver- 38,624,Mountain,2011-07-01,2012-06-30,2026-05-04 12:58:23.476
308,CO-MF-FR-M94S-38,FR-M94S-38,CO_MF,HL Mountain Frame - Silver- 38,661,Mountain,2012-07-01,2013-06-30,2026-05-04 12:58:23.476
309,CO-MF-FR-M94S-38,FR-M94S-38,CO_MF,HL Mountain Frame - Silver- 38,747,Mountain,2013-07-01,,2026-05-04 12:58:23.476
288,CO-MF-FR-M94S-42,FR-M94S-42,CO_MF,HL Mountain Frame - Silver- 42,624,Mountain,2011-07-01,2012-06-30,2026-05-04 12:58:23.476
289,CO-MF-FR-M94S-42,FR-M94S-42,CO_MF,HL Mountain Frame - Silver- 42,661,Mountain,2012-07-01,2013-06-30,2026-05-04 12:58:23.476
290,CO-MF-FR-M94S-42,FR-M94S-42,CO_MF,HL Mountain Frame - Silver- 42,747,Mountain,2013-07-01,,2026-05-04 12:58:23.476
291,CO-MF-FR-M94S-44,FR-M94S-44,CO_MF,HL Mountain Frame - Silver- 44,707,Mountain,2011-07-01,,2026-05-04 12:58:23.476
293,CO-MF-FR-M94S-46,FR-M94S-46,CO_MF,HL Mountain Frame - Silver- 46,624,Mountain,2011-07-01,2012-06-30,2026-05-04 12:58:23.476
294,CO-MF-FR-M94S-46,FR-M94S-46,CO_MF,HL Mountain Frame - Silver- 46,661,Mountain,2012-07-01,2013-06-30,2026-05-04 12:58:23.476
295,CO-MF-FR-M94S-46,FR-M94S-46,CO_MF,HL Mountain Frame - Silver- 46,747,Mountain,2013-07-01,,2026-05-04 12:58:23.476
292,CO-MF-FR-M94S-52,FR-M94S-52,CO_MF,HL Mountain Frame - Silver- 48,707,Mountain,2011-07-01,,2026-05-04 12:58:23.476
542,CO-PE-PD-M282,PD-M282,CO_PE,LL Mountain Pedal,18,Mountain,2013-07-01,,2026-05-04 12:58:23.476
543,CO-PE-PD-M340,PD-M340,CO_PE,ML Mountain Pedal,28,Mountain,2013-07-01,,2026-05-04 12:58:23.476
544,CO-PE-PD-M562,PD-M562,CO_PE,HL Mountain Pedal,36,Mountain,2013-07-01,,2026-05-04 12:58:23.476
545,CO-PE-PD-R347,PD-R347,CO_PE,LL Road Pedal,18,Road,2013-07-01,,2026-05-04 12:58:23.476
546,CO-PE-PD-R563,PD-R563,CO_PE,ML Road Pedal,28,Road,2013-07-01,,2026-05-04 12:58:23.476
547,CO-PE-PD-R853,PD-R853,CO_PE,HL Road Pedal,36,Road,2013-07-01,,2026-05-04 12:58:23.476
548,CO-PE-PD-T852,PD-T852,CO_PE,Touring Pedal,36,Touring,2013-07-01,,2026-05-04 12:58:23.476
279,CO-RF-FR-R38B-44,FR-R38B-44,CO_RF,LL Road Frame - Black- 44,176,Road,2011-07-01,2012-06-30,2026-05-04 12:58:23.476
280,CO-RF-FR-R38B-44,FR-R38B-44,CO_RF,LL Road Frame - Black- 44,170,Road,2012-07-01,2013-06-30,2026-05-04 12:58:23.476
281,CO-RF-FR-R38B-44,FR-R38B-44,CO_RF,LL Road Frame - Black- 44,205,Road,2013-07-01,,2026-05-04 12:58:23.476
282,CO-RF-FR-R38B-48,FR-R38B-48,CO_RF,LL Road Frame - Black- 48,176,Road,2011-07-01,2012-06-30,2026-05-04 12:58:23.476
283,CO-RF-FR-R38B-48,FR-R38B-48,CO_RF,LL Road Frame - Black- 48,170,Road,2012-07-01,2013-06-30,2026-05-04 12:58:23.476
284,CO-RF-FR-R38B-48,FR-R38B-48,CO_RF,LL Road Frame - Black- 48,205,Road,2013-07-01,,2026-05-04 12:58:23.476
285,CO-RF-FR-R38B-52,FR-R38B-52,CO_RF,LL Road Frame - Black- 52,176,Road,2011-07-01,2012-06-30,2026-05-04 12:58:23.476
286,CO-RF-FR-R38B-52,FR-R38B-52,CO_RF,LL Road Frame - Black- 52,170,Road,2012-07-01,2013-06-30,2026-05-04 12:58:23.476
287,CO-RF-FR-R38B-52,FR-R38B-52,CO_RF,LL Road Frame - Black- 52,205,Road,2013-07-01,,2026-05-04 12:58:23.476
253,CO-RF-FR-R38B-58,FR-R38B-58,CO_RF,LL Road Frame - Black- 58,176,Road,2011-07-01,2012-06-30,2026-05-04 12:58:23.476
254,CO-RF-FR-R38B-58,FR-R38B-58,CO_RF,LL Road Frame - Black- 58,170,Road,2012-07-01,2013-06-30,2026-05-04 12:58:23.476
255,CO-RF-FR-R38B-58,FR-R38B-58,CO_RF,LL Road Frame - Black- 58,205,Road,2013-07-01,,2026-05-04 12:58:23.476
256,CO-RF-FR-R38B-60,FR-R38B-60,CO_RF,LL Road Frame - Black- 60,176,Road,2011-07-01,2012-06-30,2026-05-04 12:58:23.476
257,CO-RF-FR-R38B-60,FR-R38B-60,CO_RF,LL Road Frame - Black- 60,170,Road,2012-07-01,2013-06-30,2026-05-04 12:58:23.476
258,CO-RF-FR-R38B-60,FR-R38B-60,CO_RF,LL Road Frame - Black- 60,205,Road,2013-07-01,,2026-05-04 12:58:23.476
259,CO-RF-FR-R38B-62,FR-R38B-62,CO_RF,LL Road Frame - Black- 62,176,Road,2011-07-01,2012-06-30,2026-05-04 12:58:23.476
260,CO-RF-FR-R38B-62,FR-R38B-62,CO_RF,LL Road Frame - Black- 62,170,Road,2012-07-01,2013-06-30,2026-05-04 12:58:23.476
261,CO-RF-FR-R38B-62,FR-R38B-62,CO_RF,LL Road Frame - Black- 62,205,Road,2013-07-01,,2026-05-04 12:58:23.476
262,CO-RF-FR-R38R-44,FR-R38R-44,CO_RF,LL Road Frame - Red- 44,181,Road,2011-07-01,2012-06-30,2026-05-04 12:58:23.476
263,CO-RF-FR-R38R-44,FR-R38R-44,CO_RF,LL Road Frame - Red- 44,187,Road,2012-07-01,,2026-05-04 12:58:23.476
264,CO-RF-FR-R38R-48,FR-R38R-48,CO_RF,LL Road Frame - Red- 48,181,Road,2011-07-01,2012-06-30,2026-05-04 12:58:23.476
265,CO-RF-FR-R38R-48,FR-R38R-48,CO_RF,LL Road Frame - Red- 48,187,Road,2012-07-01,,2026-05-04 12:58:23.476
266,CO-RF-FR-R38R-52,FR-R38R-52,CO_RF,LL Road Frame - Red- 52,181,Road,2011-07-01,2012-06-30,2026-05-04 12:58:23.476
267,CO-RF-FR-R38R-52,FR-R38R-52,CO_RF,LL Road Frame - Red- 52,187,Road,2012-07-01,,2026-05-04 12:58:23.476
268,CO-RF-FR-R38R-58,FR-R38R-58,CO_RF,LL Road Frame - Red- 58,181,Road,2011-07-01,2012-06-30,2026-05-04 12:58:23.476
269,CO-RF-FR-R38R-58,FR-R38R-58,CO_RF,LL Road Frame - Red- 58,187,Road,2012-07-01,,2026-05-04 12:58:23.476
270,CO-RF-FR-R38R-60,FR-R38R-60,CO_RF,LL Road Frame - Red- 60,181,Road,2011-07-01,2012-06-30,2026-05-04 12:58:23.476
271,CO-RF-FR-R38R-60,FR-R38R-60,CO_RF,LL Road Frame - Red- 60,187,Road,2012-07-01,,2026-05-04 12:58:23.476
272,CO-RF-FR-R38R-62,FR-R38R-62,CO_RF,LL Road Frame - Red- 62,181,Road,2011-07-01,2012-06-30,2026-05-04 12:58:23.476
273,CO-RF-FR-R38R-62,FR-R38R-62,CO_RF,LL Road Frame - Red- 62,187,Road,2012-07-01,,2026-05-04 12:58:23.476
274,CO-RF-FR-R72R-44,FR-R72R-44,CO_RF,ML Road Frame - Red- 44,352,Road,2011-07-01,,2026-05-04 12:58:23.476
275,CO-RF-FR-R72R-48,FR-R72R-48,CO_RF,ML Road Frame - Red- 48,352,Road,2011-07-01,,2026-05-04 12:58:23.476
276,CO-RF-FR-R72R-52,FR-R72R-52,CO_RF,ML Road Frame - Red- 52,352,Road,2011-07-01,,2026-05-04 12:58:23.476
277,CO-RF-FR-R72R-58,FR-R72R-58,CO_RF,ML Road Frame - Red- 58,352,Road,2011-07-01,,2026-05-04 12:58:23.476
278,CO-RF-FR-R72R-60,FR-R72R-60,CO_RF,ML Road Frame - Red- 60,352,Road,2011-07-01,,2026-05-04 12:58:23.476
417,CO-RF-FR-R72Y-38,FR-R72Y-38,CO_RF,ML Road Frame-W - Yellow- 38,300,Road,2012-07-01,2013-06-30,2026-05-04 12:58:23.476
418,CO-RF-FR-R72Y-38,FR-R72Y-38,CO_RF,ML Road Frame-W - Yellow- 38,361,Road,2013-07-01,,2026-05-04 12:58:23.476
429,CO-RF-FR-R72Y-40,FR-R72Y-40,CO_RF,ML Road Frame-W - Yellow- 40,300,Road,2012-07-01,2013-06-30,2026-05-04 12:58:23.476
430,CO-RF-FR-R72Y-40,FR-R72Y-40,CO_RF,ML Road Frame-W - Yellow- 40,361,Road,2013-07-01,,2026-05-04 12:58:23.476
431,CO-RF-FR-R72Y-42,FR-R72Y-42,CO_RF,ML Road Frame-W - Yellow- 42,300,Road,2012-07-01,2013-06-30,2026-05-04 12:58:23.476
432,CO-RF-FR-R72Y-42,FR-R72Y-42,CO_RF,ML Road Frame-W - Yellow- 42,361,Road,2013-07-01,,2026-05-04 12:58:23.476
433,CO-RF-FR-R72Y-44,FR-R72Y-44,CO_RF,ML Road Frame-W - Yellow- 44,300,Road,2012-07-01,2013-06-30,2026-05-04 12:58:23.476
434,CO-RF-FR-R72Y-44,FR-R72Y-44,CO_RF,ML Road Frame-W - Yellow- 44,361,Road,2013-07-01,,2026-05-04 12:58:23.476
435,CO-RF-FR-R72Y-48,FR-R72Y-48,CO_RF,ML Road Frame-W - Yellow- 48,300,Road,2012-07-01,2013-06-30,2026-05-04 12:58:23.476
436,CO-RF-FR-R72Y-48,FR-R72Y-48,CO_RF,ML Road Frame-W - Yellow- 48,361,Road,2013-07-01,,2026-05-04 12:58:23.476
439,CO-RF-FR-R92B-44,FR-R92B-44,CO_RF,HL Road Frame - Black- 44,722,Road,2012-07-01,2013-06-30,2026-05-04 12:58:23.476
440,CO-RF-FR-R92B-44,FR-R92B-44,CO_RF,HL Road Frame - Black- 44,869,Road,2013-07-01,,2026-05-04 12:58:23.476
441,CO-RF-FR-R92B-48,FR-R92B-48,CO_RF,HL Road Frame - Black- 48,722,Road,2012-07-01,2013-06-30,2026-05-04 12:58:23.476
442,CO-RF-FR-R92B-48,FR-R92B-48,CO_RF,HL Road Frame - Black- 48,869,Road,2013-07-01,,2026-05-04 12:58:23.476
443,CO-RF-FR-R92B-52,FR-R92B-52,CO_RF,HL Road Frame - Black- 52,722,Road,2012-07-01,2013-06-30,2026-05-04 12:58:23.476
444,CO-RF-FR-R92B-52,FR-R92B-52,CO_RF,HL Road Frame - Black- 52,869,Road,2013-07-01,,2026-05-04 12:58:23.476
210,CO-RF-FR-R92B-58,FR-R92B-58,CO_RF,HL Road Frame - Black- 58,0,Road,2003-07-01,,2026-05-04 12:58:23.476
437,CO-RF-FR-R92B-62,FR-R92B-62,CO_RF,HL Road Frame - Black- 62,722,Road,2012-07-01,2013-06-30,2026-05-04 12:58:23.476
438,CO-RF-FR-R92B-62,FR-R92B-62,CO_RF,HL Road Frame - Black- 62,869,Road,2013-07-01,,2026-05-04 12:58:23.476
241,CO-RF-FR-R92R-44,FR-R92R-44,CO_RF,HL Road Frame - Red- 44,748,Road,2011-07-01,2012-06-30,2026-05-04 12:58:23.476
242,CO-RF-FR-R92R-44,FR-R92R-44,CO_RF,HL Road Frame - Red- 44,722,Road,2012-07-01,2013-06-30,2026-05-04 12:58:23.476
243,CO-RF-FR-R92R-44,FR-R92R-44,CO_RF,HL Road Frame - Red- 44,869,Road,2013-07-01,,2026-05-04 12:58:23.476
244,CO-RF-FR-R92R-48,FR-R92R-48,CO_RF,HL Road Frame - Red- 48,748,Road,2011-07-01,2012-06-30,2026-05-04 12:58:23.476
245,CO-RF-FR-R92R-48,FR-R92R-48,CO_RF,HL Road Frame - Red- 48,722,Road,2012-07-01,2013-06-30,2026-05-04 12:58:23.476
246,CO-RF-FR-R92R-48,FR-R92R-48,CO_RF,HL Road Frame - Red- 48,869,Road,2013-07-01,,2026-05-04 12:58:23.476
247,CO-RF-FR-R92R-52,FR-R92R-52,CO_RF,HL Road Frame - Red- 52,748,Road,2011-07-01,2012-06-30,2026-05-04 12:58:23.476
248,CO-RF-FR-R92R-52,FR-R92R-52,CO_RF,HL Road Frame - Red- 52,722,Road,2012-07-01,2013-06-30,2026-05-04 12:58:23.476
249,CO-RF-FR-R92R-52,FR-R92R-52,CO_RF,HL Road Frame - Red- 52,869,Road,2013-07-01,,2026-05-04 12:58:23.476
250,CO-RF-FR-R92R-56,FR-R92R-56,CO_RF,HL Road Frame - Red- 56,748,Road,2011-07-01,2012-06-30,2026-05-04 12:58:23.476
251,CO-RF-FR-R92R-56,FR-R92R-56,CO_RF,HL Road Frame - Red- 56,722,Road,2012-07-01,2013-06-30,2026-05-04 12:58:23.476
252,CO-RF-FR-R92R-56,FR-R92R-56,CO_RF,HL Road Frame - Red- 56,869,Road,2013-07-01,,2026-05-04 12:58:23.476
211,CO-RF-FR-R92R-58,FR-R92R-58,CO_RF,HL Road Frame - Red- 58,0,Road,2003-07-01,,2026-05-04 12:58:23.476
238,CO-RF-FR-R92R-62,FR-R92R-62,CO_RF,HL Road Frame - Red- 62,748,Road,2011-07-01,2012-06-30,2026-05-04 12:58:23.476
239,CO-RF-FR-R92R-62,FR-R92R-62,CO_RF,HL Road Frame - Red- 62,722,Road,2012-07-01,2013-06-30,2026-05-04 12:58:23.476
240,CO-RF-FR-R92R-62,FR-R92R-62,CO_RF,HL Road Frame - Red- 62,869,Road,2013-07-01,,2026-05-04 12:58:23.476
515,CO-SA-SE-M236,SE-M236,CO_SA,LL Mountain Seat/Saddle,12,Mountain,2013-07-01,,2026-05-04 12:58:23.476
516,CO-SA-SE-M798,SE-M798,CO_SA,ML Mountain Seat/Saddle,17,Mountain,2013-07-01,,2026-05-04 12:58:23.476
517,CO-SA-SE-M940,SE-M940,CO_SA,HL Mountain Seat/Saddle,23,Mountain,2013-07-01,,2026-05-04 12:58:23.476
518,CO-SA-SE-R581,SE-R581,CO_SA,LL Road Seat/Saddle,12,Road,2013-07-01,,2026-05-04 12:58:23.476
519,CO-SA-SE-R908,SE-R908,CO_SA,ML Road Seat/Saddle,17,Touring,2013-07-01,,2026-05-04 12:58:23.476
520,CO-SA-SE-R995,SE-R995,CO_SA,HL Road Seat/Saddle,23,Road,2013-07-01,,2026-05-04 12:58:23.476
521,CO-SA-SE-T312,SE-T312,CO_SA,LL Touring Seat/Saddle,12,Touring,2013-07-01,,2026-05-04 12:58:23.476
522,CO-SA-SE-T762,SE-T762,CO_SA,ML Touring Seat/Saddle,17,Touring,2013-07-01,,2026-05-04 12:58:23.476
523,CO-SA-SE-T924,SE-T924,CO_SA,HL Touring Seat/Saddle,23,Touring,2013-07-01,,2026-05-04 12:58:23.476
510,CO-TF-FR-T67U-44,FR-T67U-44,CO_TF,LL Touring Frame - Blue- 44,200,Touring,2013-07-01,,2026-05-04 12:58:23.476
502,CO-TF-FR-T67U-50,FR-T67U-50,CO_TF,LL Touring Frame - Blue- 50,200,Touring,2013-07-01,,2026-05-04 12:58:23.476
503,CO-TF-FR-T67U-54,FR-T67U-54,CO_TF,LL Touring Frame - Blue- 54,200,Touring,2013-07-01,,2026-05-04 12:58:23.476
504,CO-TF-FR-T67U-58,FR-T67U-58,CO_TF,LL Touring Frame - Blue- 58,200,Touring,2013-07-01,,2026-05-04 12:58:23.476
505,CO-TF-FR-T67U-62,FR-T67U-62,CO_TF,LL Touring Frame - Blue- 62,200,Touring,2013-07-01,,2026-05-04 12:58:23.476
506,CO-TF-FR-T67Y-44,FR-T67Y-44,CO_TF,LL Touring Frame - Yellow- 44,200,Touring,2013-07-01,,2026-05-04 12:58:23.476
507,CO-TF-FR-T67Y-50,FR-T67Y-50,CO_TF,LL Touring Frame - Yellow- 50,200,Touring,2013-07-01,,2026-05-04 12:58:23.476
508,CO-TF-FR-T67Y-54,FR-T67Y-54,CO_TF,LL Touring Frame - Yellow- 54,200,Touring,2013-07-01,,2026-05-04 12:58:23.476
509,CO-TF-FR-T67Y-58,FR-T67Y-58,CO_TF,LL Touring Frame - Yellow- 58,200,Touring,2013-07-01,,2026-05-04 12:58:23.476
493,CO-TF-FR-T67Y-62,FR-T67Y-62,CO_TF,LL Touring Frame - Yellow- 62,200,Touring,2013-07-01,,2026-05-04 12:58:23.476
497,CO-TF-FR-T98U-46,FR-T98U-46,CO_TF,HL Touring Frame - Blue- 46,602,Touring,2013-07-01,,2026-05-04 12:58:23.476
498,CO-TF-FR-T98U-50,FR-T98U-50,CO_TF,HL Touring Frame - Blue- 50,602,Touring,2013-07-01,,2026-05-04 12:58:23.476
499,CO-TF-FR-T98U-54,FR-T98U-54,CO_TF,HL Touring Frame - Blue- 54,602,Touring,2013-07-01,,2026-05-04 12:58:23.476
500,CO-TF-FR-T98U-60,FR-T98U-60,CO_TF,HL Touring Frame - Blue- 60,602,Touring,2013-07-01,,2026-05-04 12:58:23.476
494,CO-TF-FR-T98Y-46,FR-T98Y-46,CO_TF,HL Touring Frame - Yellow- 46,602,Touring,2013-07-01,,2026-05-04 12:58:23.476
495,CO-TF-FR-T98Y-50,FR-T98Y-50,CO_TF,HL Touring Frame - Yellow- 50,602,Touring,2013-07-01,,2026-05-04 12:58:23.476
496,CO-TF-FR-T98Y-54,FR-T98Y-54,CO_TF,HL Touring Frame - Yellow- 54,602,Touring,2013-07-01,,2026-05-04 12:58:23.476
492,CO-TF-FR-T98Y-60,FR-T98Y-60,CO_TF,HL Touring Frame - Yellow- 60,602,Touring,2013-07-01,,2026-05-04 12:58:23.476
410,CO-WH-FW-M423,FW-M423,CO_WH,LL Mountain Front Wheel,27,Mountain,2012-07-01,,2026-05-04 12:58:23.476
411,CO-WH-FW-M762,FW-M762,CO_WH,ML Mountain Front Wheel,93,Mountain,2012-07-01,,2026-05-04 12:58:23.476
412,CO-WH-FW-M928,FW-M928,CO_WH,HL Mountain Front Wheel,133,Mountain,2012-07-01,,2026-05-04 12:58:23.476
413,CO-WH-FW-R623,FW-R623,CO_WH,LL Road Front Wheel,38,Road,2012-07-01,,2026-05-04 12:58:23.476
414,CO-WH-FW-R762,FW-R762,CO_WH,ML Road Front Wheel,110,Road,2012-07-01,,2026-05-04 12:58:23.476
415,CO-WH-FW-R820,FW-R820,CO_WH,HL Road Front Wheel,147,Road,2012-07-01,,2026-05-04 12:58:23.476
416,CO-WH-FW-T905,FW-T905,CO_WH,Touring Front Wheel,97,Touring,2012-07-01,,2026-05-04 12:58:23.476
419,CO-WH-RW-M423,RW-M423,CO_WH,LL Mountain Rear Wheel,39,Mountain,2012-07-01,,2026-05-04 12:58:23.476
420,CO-WH-RW-M762,RW-M762,CO_WH,ML Mountain Rear Wheel,105,Mountain,2012-07-01,,2026-05-04 12:58:23.476
421,CO-WH-RW-M928,RW-M928,CO_WH,HL Mountain Rear Wheel,145,Mountain,2012-07-01,,2026-05-04 12:58:23.476
422,CO-WH-RW-R623,RW-R623,CO_WH,LL Road Rear Wheel,50,Road,2012-07-01,,2026-05-04 12:58:23.476
423,CO-WH-RW-R762,RW-R762,CO_WH,ML Road Rear Wheel,122,Road,2012-07-01,,2026-05-04 12:58:23.476
424,CO-WH-RW-R820,RW-R820,CO_WH,HL Road Rear Wheel,159,Road,2012-07-01,,2026-05-04 12:58:23.476
425,CO-WH-RW-T905,RW-T905,CO_WH,Touring Rear Wheel,109,Touring,2012-07-01,,2026-05-04 12:58:23.476
